target_year,sex,target_group,rank,official_rank,actual_time_seconds
1988,Female,FINALS,1,1.0,25.49
1988,Female,FINALS,2,2.0,25.64
1988,Female,FINALS,3,3.0,25.71
1988,Male,FINALS,1,1.0,22.14
1988,Male,FINALS,2,2.0,22.36
1988,Male,FINALS,3,3.0,22.71
1992,Female,FINALS,1,1.0,24.79
1992,Female,FINALS,2,2.0,25.08
1992,Female,FINALS,3,3.0,25.23
1992,Male,FINALS,1,1.0,21.91
1992,Male,FINALS,2,2.0,22.09
1992,Male,FINALS,3,3.0,22.3
1996,Female,FINALS,1,1.0,24.87
1996,Female,FINALS,2,2.0,24.9
1996,Female,FINALS,3,3.0,25.14
1996,Male,FINALS,1,1.0,22.13
1996,Male,FINALS,2,2.0,22.26
1996,Male,FINALS,3,3.0,22.29
2000,Female,FINALS,1,1.0,24.32
2000,Female,FINALS,2,2.0,24.51
2000,Female,FINALS,3,3.0,24.63
2000,Female,HEATS,1,,24.46
2000,Female,HEATS,2,,24.96
2000,Female,HEATS,3,,25.04
2000,Female,HEATS,4,,25.24
2000,Female,HEATS,5,,25.39
2000,Female,HEATS,6,,25.44
2000,Female,HEATS,7,,25.52
2000,Female,HEATS,8,,25.52
2000,Female,HEATS,9,,25.53
2000,Female,HEATS,10,,25.64
2000,Female,HEATS,11,,25.67
2000,Female,HEATS,12,,25.73
2000,Female,HEATS,13,,25.79
2000,Female,HEATS,14,,25.81
2000,Female,HEATS,15,,25.87
2000,Female,HEATS,16,,25.96
2000,Female,SEMIFINALS,1,,24.13
2000,Female,SEMIFINALS,2,,24.8
2000,Female,SEMIFINALS,3,,24.98
2000,Female,SEMIFINALS,4,,25.0
2000,Female,SEMIFINALS,5,,25.22
2000,Female,SEMIFINALS,6,,25.32
2000,Female,SEMIFINALS,7,,25.43
2000,Female,SEMIFINALS,8,,25.49
2000,Male,FINALS,1,1.0,21.98
2000,Male,FINALS,2,1.0,21.98
2000,Male,FINALS,3,3.0,22.03
2000,Male,HEATS,1,,22.05
2000,Male,HEATS,2,,22.14
2000,Male,HEATS,3,,22.15
2000,Male,HEATS,4,,22.24
2000,Male,HEATS,5,,22.32
2000,Male,HEATS,6,,22.42
2000,Male,HEATS,7,,22.45
2000,Male,HEATS,8,,22.46
2000,Male,HEATS,9,,22.52
2000,Male,HEATS,10,,22.53
2000,Male,HEATS,11,,22.53
2000,Male,HEATS,12,,22.61
2000,Male,HEATS,13,,22.62
2000,Male,HEATS,14,,22.65
2000,Male,HEATS,15,,22.74
2000,Male,HEATS,16,,22.8
2000,Male,SEMIFINALS,1,,22.07
2000,Male,SEMIFINALS,2,,22.11
2000,Male,SEMIFINALS,3,,22.13
2000,Male,SEMIFINALS,4,,22.17
2000,Male,SEMIFINALS,5,,22.3
2000,Male,SEMIFINALS,6,,22.32
2000,Male,SEMIFINALS,7,,22.35
2000,Male,SEMIFINALS,8,,22.36
2004,Female,FINALS,1,1.0,24.58
2004,Female,FINALS,2,2.0,24.89
2004,Female,FINALS,3,3.0,24.91
2004,Female,HEATS,1,,24.66
2004,Female,HEATS,2,,25.06
2004,Female,HEATS,3,,25.21
2004,Female,HEATS,4,,25.24
2004,Female,HEATS,5,,25.28
2004,Female,HEATS,6,,25.28
2004,Female,HEATS,7,,25.31
2004,Female,HEATS,8,,25.36
2004,Female,HEATS,9,,25.4
2004,Female,HEATS,10,,25.42
2004,Female,HEATS,11,,25.5
2004,Female,HEATS,12,,25.57
2004,Female,HEATS,13,,25.62
2004,Female,HEATS,14,,25.64
2004,Female,HEATS,15,,25.67
2004,Female,HEATS,16,,25.68
2004,Female,SEMIFINALS,1,,24.56
2004,Female,SEMIFINALS,2,,24.9
2004,Female,SEMIFINALS,3,,24.99
2004,Female,SEMIFINALS,4,,25.06
2004,Female,SEMIFINALS,5,,25.13
2004,Female,SEMIFINALS,6,,25.15
2004,Female,SEMIFINALS,7,,25.17
2004,Female,SEMIFINALS,8,,25.17
2004,Male,FINALS,1,1.0,21.93
2004,Male,FINALS,2,2.0,21.94
2004,Male,FINALS,3,3.0,22.02
2004,Male,HEATS,1,,22.04
2004,Male,HEATS,2,,22.24
2004,Male,HEATS,3,,22.26
2004,Male,HEATS,4,,22.26
2004,Male,HEATS,5,,22.28
2004,Male,HEATS,6,,22.3
2004,Male,HEATS,7,,22.33
2004,Male,HEATS,8,,22.41
2004,Male,HEATS,9,,22.41
2004,Male,HEATS,10,,22.42
2004,Male,HEATS,11,,22.42
2004,Male,HEATS,12,,22.45
2004,Male,HEATS,13,,22.51
2004,Male,HEATS,14,,22.52
2004,Male,HEATS,15,,22.52
2004,Male,HEATS,16,,22.53
2004,Male,SEMIFINALS,1,,21.99
2004,Male,SEMIFINALS,2,,22.07
2004,Male,SEMIFINALS,3,,22.12
2004,Male,SEMIFINALS,4,,22.16
2004,Male,SEMIFINALS,5,,22.18
2004,Male,SEMIFINALS,6,,22.18
2004,Male,SEMIFINALS,7,,22.18
2004,Male,SEMIFINALS,8,,22.19
2008,Female,FINALS,1,1.0,24.06
2008,Female,FINALS,2,2.0,24.07
2008,Female,FINALS,3,3.0,24.17
2008,Female,HEATS,1,,24.2
2008,Female,HEATS,2,,24.38
2008,Female,HEATS,3,,24.58
2008,Female,HEATS,4,,24.67
2008,Female,HEATS,5,,24.83
2008,Female,HEATS,6,,24.9
2008,Female,HEATS,7,,24.91
2008,Female,HEATS,8,,24.93
2008,Female,HEATS,9,,24.94
2008,Female,HEATS,10,,24.95
2008,Female,HEATS,11,,24.98
2008,Female,HEATS,12,,25.0
2008,Female,HEATS,13,,25.0
2008,Female,HEATS,14,,25.01
2008,Female,HEATS,15,,25.06
2008,Female,HEATS,16,,25.07
2008,Female,SEMIFINALS,1,,24.27
2008,Female,SEMIFINALS,2,,24.42
2008,Female,SEMIFINALS,3,,24.43
2008,Female,SEMIFINALS,4,,24.46
2008,Female,SEMIFINALS,5,,24.47
2008,Female,SEMIFINALS,6,,24.52
2008,Female,SEMIFINALS,7,,24.63
2008,Female,SEMIFINALS,8,,24.72
2008,Male,FINALS,1,1.0,21.3
2008,Male,FINALS,2,2.0,21.45
2008,Male,FINALS,3,3.0,21.49
2008,Male,HEATS,1,,21.46
2008,Male,HEATS,2,,21.47
2008,Male,HEATS,3,,21.75
2008,Male,HEATS,4,,21.75
2008,Male,HEATS,5,,21.76
2008,Male,HEATS,6,,21.77
2008,Male,HEATS,7,,21.78
2008,Male,HEATS,8,,21.79
2008,Male,HEATS,9,,21.95
2008,Male,HEATS,10,,21.96
2008,Male,HEATS,11,,22.0
2008,Male,HEATS,12,,22.05
2008,Male,HEATS,13,,22.11
2008,Male,HEATS,14,,22.14
2008,Male,HEATS,15,,22.15
2008,Male,HEATS,16,,22.17
2008,Male,SEMIFINALS,1,,21.34
2008,Male,SEMIFINALS,2,,21.54
2008,Male,SEMIFINALS,3,,21.68
2008,Male,SEMIFINALS,4,,21.71
2008,Male,SEMIFINALS,5,,21.74
2008,Male,SEMIFINALS,6,,21.75
2008,Male,SEMIFINALS,7,,21.76
2008,Male,SEMIFINALS,8,,21.76
2012,Female,FINALS,1,1.0,24.05
2012,Female,FINALS,2,2.0,24.28
2012,Female,FINALS,3,3.0,24.39
2012,Female,HEATS,1,,24.51
2012,Female,HEATS,2,,24.57
2012,Female,HEATS,3,,24.61
2012,Female,HEATS,4,,24.7
2012,Female,HEATS,5,,24.76
2012,Female,HEATS,6,,24.77
2012,Female,HEATS,7,,24.85
2012,Female,HEATS,8,,24.85
2012,Female,HEATS,9,,24.87
2012,Female,HEATS,10,,24.94
2012,Female,HEATS,11,,24.94
2012,Female,HEATS,12,,24.99
2012,Female,HEATS,13,,25.13
2012,Female,HEATS,14,,25.15
2012,Female,HEATS,15,,25.23
2012,Female,HEATS,16,,25.28
2012,Female,SEMIFINALS,1,,24.07
2012,Female,SEMIFINALS,2,,24.45
2012,Female,SEMIFINALS,3,,24.5
2012,Female,SEMIFINALS,4,,24.57
2012,Female,SEMIFINALS,5,,24.63
2012,Female,SEMIFINALS,6,,24.64
2012,Female,SEMIFINALS,7,,24.68
2012,Female,SEMIFINALS,8,,24.71
2012,Male,FINALS,1,1.0,21.34
2012,Male,FINALS,2,2.0,21.54
2012,Male,FINALS,3,3.0,21.59
2012,Male,HEATS,1,,21.77
2012,Male,HEATS,2,,21.8
2012,Male,HEATS,3,,21.82
2012,Male,HEATS,4,,21.83
2012,Male,HEATS,5,,21.92
2012,Male,HEATS,6,,21.95
2012,Male,HEATS,7,,22.09
2012,Male,HEATS,8,,22.09
2012,Male,HEATS,9,,22.09
2012,Male,HEATS,10,,22.11
2012,Male,HEATS,11,,22.12
2012,Male,HEATS,12,,22.12
2012,Male,HEATS,13,,22.15
2012,Male,HEATS,14,,22.19
2012,Male,HEATS,15,,22.22
2012,Male,HEATS,16,,22.27
2012,Male,SEMIFINALS,1,,21.54
2012,Male,SEMIFINALS,2,,21.54
2012,Male,SEMIFINALS,3,,21.62
2012,Male,SEMIFINALS,4,,21.63
2012,Male,SEMIFINALS,5,,21.77
2012,Male,SEMIFINALS,6,,21.8
2012,Male,SEMIFINALS,7,,21.88
2012,Male,SEMIFINALS,8,,21.88
2016,Female,FINALS,1,1.0,24.07
2016,Female,FINALS,2,2.0,24.09
2016,Female,FINALS,3,3.0,24.11
2016,Female,HEATS,1,,24.23
2016,Female,HEATS,2,,24.26
2016,Female,HEATS,3,,24.42
2016,Female,HEATS,4,,24.45
2016,Female,HEATS,5,,24.48
2016,Female,HEATS,6,,24.48
2016,Female,HEATS,7,,24.52
2016,Female,HEATS,8,,24.57
2016,Female,HEATS,9,,24.57
2016,Female,HEATS,10,,24.66
2016,Female,HEATS,11,,24.71
2016,Female,HEATS,12,,24.73
2016,Female,HEATS,13,,24.77
2016,Female,HEATS,14,,24.77
2016,Female,HEATS,15,,24.77
2016,Female,HEATS,16,,24.82
2016,Female,SEMIFINALS,1,,24.28
2016,Female,SEMIFINALS,2,,24.32
2016,Female,SEMIFINALS,3,,24.39
2016,Female,SEMIFINALS,4,,24.41
2016,Female,SEMIFINALS,5,,24.43
2016,Female,SEMIFINALS,6,,24.44
2016,Female,SEMIFINALS,7,,24.45
2016,Female,SEMIFINALS,8,,24.53
2016,Male,FINALS,1,1.0,21.4
2016,Male,FINALS,2,2.0,21.41
2016,Male,FINALS,3,3.0,21.49
2016,Male,HEATS,1,,21.49
2016,Male,HEATS,2,,21.61
2016,Male,HEATS,3,,21.63
2016,Male,HEATS,4,,21.72
2016,Male,HEATS,5,,21.8
2016,Male,HEATS,6,,21.81
2016,Male,HEATS,7,,21.83
2016,Male,HEATS,8,,21.83
2016,Male,HEATS,9,,21.87
2016,Male,HEATS,10,,21.93
2016,Male,HEATS,11,,21.93
2016,Male,HEATS,12,,21.94
2016,Male,HEATS,13,,21.96
2016,Male,HEATS,14,,22.01
2016,Male,HEATS,15,,22.01
2016,Male,HEATS,16,,22.1
2016,Male,SEMIFINALS,1,,21.32
2016,Male,SEMIFINALS,2,,21.46
2016,Male,SEMIFINALS,3,,21.46
2016,Male,SEMIFINALS,4,,21.47
2016,Male,SEMIFINALS,5,,21.54
2016,Male,SEMIFINALS,6,,21.71
2016,Male,SEMIFINALS,7,,21.71
2016,Male,SEMIFINALS,8,,21.8
2020,Female,FINALS,1,1.0,23.81
2020,Female,FINALS,2,2.0,24.07
2020,Female,FINALS,3,3.0,24.21
2020,Female,HEATS,1,,24.02
2020,Female,HEATS,2,,24.12
2020,Female,HEATS,3,,24.15
2020,Female,HEATS,4,,24.26
2020,Female,HEATS,5,,24.31
2020,Female,HEATS,6,,24.36
2020,Female,HEATS,7,,24.37
2020,Female,HEATS,8,,24.41
2020,Female,HEATS,9,,24.52
2020,Female,HEATS,10,,24.55
2020,Female,HEATS,11,,24.65
2020,Female,HEATS,12,,24.65
2020,Female,HEATS,13,,24.69
2020,Female,HEATS,14,,24.7
2020,Female,HEATS,15,,24.79
2020,Female,HEATS,16,,24.82
2020,Female,SEMIFINALS,1,,24.0
2020,Female,SEMIFINALS,2,,24.08
2020,Female,SEMIFINALS,3,,24.13
2020,Female,SEMIFINALS,4,,24.19
2020,Female,SEMIFINALS,5,,24.26
2020,Female,SEMIFINALS,6,,24.27
2020,Female,SEMIFINALS,7,,24.29
2020,Female,SEMIFINALS,8,,24.32
2020,Male,FINALS,1,1.0,21.07
2020,Male,FINALS,2,2.0,21.55
2020,Male,FINALS,3,3.0,21.57
2020,Male,HEATS,1,,21.32
2020,Male,HEATS,2,,21.65
2020,Male,HEATS,3,,21.66
2020,Male,HEATS,4,,21.67
2020,Male,HEATS,5,,21.73
2020,Male,HEATS,6,,21.75
2020,Male,HEATS,7,,21.84
2020,Male,HEATS,8,,21.85
2020,Male,HEATS,9,,21.86
2020,Male,HEATS,10,,21.88
2020,Male,HEATS,11,,21.89
2020,Male,HEATS,12,,21.92
2020,Male,HEATS,13,,21.93
2020,Male,HEATS,14,,21.96
2020,Male,HEATS,15,,21.97
2020,Male,HEATS,16,,21.97
2020,Male,SEMIFINALS,1,,21.42
2020,Male,SEMIFINALS,2,,21.53
2020,Male,SEMIFINALS,3,,21.6
2020,Male,SEMIFINALS,4,,21.6
2020,Male,SEMIFINALS,5,,21.67
2020,Male,SEMIFINALS,6,,21.67
2020,Male,SEMIFINALS,7,,21.75
2020,Male,SEMIFINALS,8,,21.78
2024,Female,FINALS,1,1.0,23.71
2024,Female,FINALS,2,2.0,23.97
2024,Female,FINALS,3,3.0,24.2
2024,Female,HEATS,1,,23.85
2024,Female,HEATS,2,,24.27
2024,Female,HEATS,3,,24.37
2024,Female,HEATS,4,,24.38
2024,Female,HEATS,5,,24.5
2024,Female,HEATS,6,,24.54
2024,Female,HEATS,7,,24.55
2024,Female,HEATS,8,,24.57
2024,Female,HEATS,9,,24.57
2024,Female,HEATS,10,,24.6
2024,Female,HEATS,11,,24.64
2024,Female,HEATS,12,,24.64
2024,Female,HEATS,13,,24.67
2024,Female,HEATS,14,,24.69
2024,Female,HEATS,15,,24.72
2024,Female,HEATS,16,,24.72
2024,Female,SEMIFINALS,1,,23.66
2024,Female,SEMIFINALS,2,,24.17
2024,Female,SEMIFINALS,3,,24.23
2024,Female,SEMIFINALS,4,,24.24
2024,Female,SEMIFINALS,5,,24.29
2024,Female,SEMIFINALS,6,,24.33
2024,Female,SEMIFINALS,7,,24.4
2024,Female,SEMIFINALS,8,,24.4
2024,Male,FINALS,1,1.0,21.25
2024,Male,FINALS,2,2.0,21.3
2024,Male,FINALS,3,3.0,21.56
2024,Male,HEATS,1,,21.32
2024,Male,HEATS,2,,21.51
2024,Male,HEATS,3,,21.54
2024,Male,HEATS,4,,21.64
2024,Male,HEATS,5,,21.7
2024,Male,HEATS,6,,21.79
2024,Male,HEATS,7,,21.79
2024,Male,HEATS,8,,21.86
2024,Male,HEATS,9,,21.86
2024,Male,HEATS,10,,21.88
2024,Male,HEATS,11,,21.89
2024,Male,HEATS,12,,21.89
2024,Male,HEATS,13,,21.91
2024,Male,HEATS,14,,21.91
2024,Male,HEATS,15,,21.92
2024,Male,HEATS,16,,21.94
2024,Male,SEMIFINALS,1,,21.38
2024,Male,SEMIFINALS,2,,21.38
2024,Male,SEMIFINALS,3,,21.5
2024,Male,SEMIFINALS,4,,21.54
2024,Male,SEMIFINALS,5,,21.58
2024,Male,SEMIFINALS,6,,21.62
2024,Male,SEMIFINALS,7,,21.64
2024,Male,SEMIFINALS,8,,21.69
